title,handle,url
Activiteitenkubus - Animal Friends,activiteitenkubus-animal-friends,https://jollein.nl/products/activiteitenkubus-animal-friends
Activiteitenkubus  - Deepsea,activiteitenkubus-deepsea,https://jollein.nl/products/activiteitenkubus-deepsea
Activiteitenkubus  - Flower Fairies,activiteitenkubus-flower-fairies,https://jollein.nl/products/activiteitenkubus-flower-fairies
Activiteitenkubus - Lovely Birds,activiteitenkubus-lovely-birds,https://jollein.nl/products/activiteitenkubus-lovely-birds
Activiteitenkubus - On The Go,activiteitenkubus-on-the-go,https://jollein.nl/products/activiteitenkubus-on-the-go
Activiteitenkubus - Tiny Park,activiteitenkubus-tiny-park,https://jollein.nl/products/activiteitenkubus-tiny-park
Activiteitenspiraal - Elephant Tales,activiteitenspiraal-elephant-tales,https://jollein.nl/products/activiteitenspiraal-elephant-tales
Activiteitenspiraal - Lovely Birds,activiteitenspiraal-lovely-birds,https://jollein.nl/products/activiteitenspiraal-lovely-birds
Activiteitenspiraal - On The Go,activiteitenspiraal-on-the-go,https://jollein.nl/products/activiteitenspiraal-on-the-go
Activity Toy - Deepsea,activity-toy-deepsea,https://jollein.nl/products/activity-toy-deepsea
Activity Toy - On The Go,activity-toy-on-the-go,https://jollein.nl/products/activity-toy-on-the-go
Activity toy - Spring Garden,activity-toy-spring-garden,https://jollein.nl/products/activity-toy-spring-garden
Activiteiten Driehoek - Flower Fairies,activiteiten-driehoek-flower-fairies,https://jollein.nl/products/activiteiten-driehoek-flower-fairies
Activiteiten Driehoek - Tiny Park,activiteiten-driehoek-tiny-park,https://jollein.nl/products/activiteiten-driehoek-tiny-park
Baby Badjas,baby-badjas,https://jollein.nl/products/baby-badjas
Babymobiel - Animals,babymobiel-animals,https://jollein.nl/products/babymobiel-animals
Baby Mobiel - Roarsome,baby-mobiel-roarsome,https://jollein.nl/products/baby-mobiel-roarsome
Baby Mobiel - Spring garden,baby-mobiel-spring-garden,https://jollein.nl/products/baby-mobiel-spring-garden
Baby mobiel - Teddy Bear,baby-mobiel-teddy-bear,https://jollein.nl/products/baby-mobiel-teddy-bear
Baby Slaapzak - Jersey - Ajour,baby-slaapzak-jersey-ajour,https://jollein.nl/products/baby-slaapzak-jersey-ajour
Baby Slaapzak - Jersey - Deep Sea,baby-slaapzak-jersey-deep-sea,https://jollein.nl/products/baby-slaapzak-jersey-deep-sea
Baby Slaapzak - Jersey - Harvest,baby-slaapzak-jersey-harvest,https://jollein.nl/products/baby-slaapzak-jersey-harvest
Baby Slaapzak - Jersey - Jungle Jambo,baby-slaapzak-jersey-jungle-jambo,https://jollein.nl/products/baby-slaapzak-jersey-jungle-jambo
Baby Slaapzak - Jersey - Lovely Birds,baby-slaapzak-jersey-lovely-birds,https://jollein.nl/products/baby-slaapzak-jersey-lovely-birds
Baby Slaapzak - Jersey - Miffy Snuffy,baby-slaapzak-jersey-miffy-snuffy,https://jollein.nl/products/baby-slaapzak-jersey-miffy-snuffy
Baby Slaapzak - Jersey - Miffy Jacquard Terry,baby-slaapzak-jersey-miffy-jacquard-terry,https://jollein.nl/products/baby-slaapzak-jersey-miffy-jacquard-terry
Baby Slaapzak - Jersey - On The Go,baby-slaapzak-jersey-on-the-go,https://jollein.nl/products/baby-slaapzak-jersey-on-the-go
Baby Slaapzak - Jersey - Retro Flowers,baby-slaapzak-jersey-retro-flowers,https://jollein.nl/products/baby-slaapzak-jersey-retro-flowers
Baby Slaapzak - Jersey - Rib - Nostalgic Ride,baby-slaapzak-jersey-rib-nostalgic-ride,https://jollein.nl/products/baby-slaapzak-jersey-rib-nostalgic-ride
Baby Slaapzak - Jersey - Sun,baby-slaapzak-jersey-sun,https://jollein.nl/products/baby-slaapzak-jersey-sun
Baby Slaapzak - Jersey - Teddy Bear,baby-slaapzak-jersey-teddy-bear,https://jollein.nl/products/baby-slaapzak-jersey-teddy-bear
Baby Slaapzak - Hydrofiel,baby-slaapzak-hydrofiel,https://jollein.nl/products/baby-slaapzak-hydrofiel
Baby Slaapzak - Hydrofiel - Animals,baby-slaapzak-hydrofiel-animals,https://jollein.nl/products/baby-slaapzak-hydrofiel-animals
Baby Slaapzak - Hydrofiel - Bloomy,baby-slaapzak-hydrofiel-bloomy,https://jollein.nl/products/baby-slaapzak-hydrofiel-bloomy
Baby Slaapzak - Hydrofiel - Blossom,baby-slaapzak-hydrofiel-blossom,https://jollein.nl/products/baby-slaapzak-hydrofiel-blossom
Baby Slaapzak - Hydrofiel - Dino,baby-slaapzak-hydrofiel-dino,https://jollein.nl/products/baby-slaapzak-hydrofiel-dino
Baby Slaapzak - Hydrofiel - Funky,baby-slaapzak-hydrofiel-funky,https://jollein.nl/products/baby-slaapzak-hydrofiel-funky
Baby Slaapzak - Hydrofiel - Miffy and Friends,baby-slaapzak-hydrofiel-miffy-and-friends,https://jollein.nl/products/baby-slaapzak-hydrofiel-miffy-and-friends
Baby Slaapzak - Hydrofiel - Miffy Stripe,baby-slaapzak-hydrofiel-miffy-stripe,https://jollein.nl/products/baby-slaapzak-hydrofiel-miffy-stripe
Baby Slaapzak - Hydrofiel - Roarsome,baby-slaapzak-hydrofiel-roarsome,https://jollein.nl/products/baby-slaapzak-hydrofiel-roarsome
Baby Slaapzak Mouwloos - Velvet,baby-slaapzak-mouwloos-velvet,https://jollein.nl/products/baby-slaapzak-mouwloos-velvet
Baby Slaapzak met Afritsbare Mouw - Animal Friends,baby-slaapzak-met-afritsbare-mouw-animal-friends,https://jollein.nl/products/baby-slaapzak-met-afritsbare-mouw-animal-friends
Baby Slaapzak met Afritsbare Mouw - Animals,baby-slaapzak-met-afritsbare-mouw-animals,https://jollein.nl/products/baby-slaapzak-met-afritsbare-mouw-animals
Baby Slaapzak met Afritsbare Mouw - Bloomy,baby-slaapzak-met-afritsbare-mouw-bloomy,https://jollein.nl/products/baby-slaapzak-met-afritsbare-mouw-bloomy
Baby Slaapzak met Afritsbare Mouw - Elephant Tales,baby-slaapzak-met-afritsbare-mouw-elephant-tales,https://jollein.nl/products/baby-slaapzak-met-afritsbare-mouw-elephant-tales
Baby Slaapzak met Afritsbare Mouw - Flower Fairies,baby-slaapzak-met-afritsbare-mouw-flower-fairies,https://jollein.nl/products/baby-slaapzak-met-afritsbare-mouw-flower-fairies
Baby Slaapzak met Afritsbare Mouw - Jungle Jambo,baby-slaapzak-met-afritsbare-mouw-jungle-jambo,https://jollein.nl/products/baby-slaapzak-met-afritsbare-mouw-jungle-jambo
Baby Slaapzak met Afritsbare Mouw - Leafy Dreams,baby-slaapzak-met-afritsbare-mouw-leafy-dreams,https://jollein.nl/products/baby-slaapzak-met-afritsbare-mouw-leafy-dreams
Baby Slaapzak met Afritsbare Mouw - Lovely Birds,baby-slaapzak-met-afritsbare-mouw-lovely-birds,https://jollein.nl/products/baby-slaapzak-met-afritsbare-mouw-lovely-birds
Baby Slaapzak met Afritsbare Mouw - Miffy and Friends,baby-slaapzak-met-afritsbare-mouw-miffy-and-friends,https://jollein.nl/products/baby-slaapzak-met-afritsbare-mouw-miffy-and-friends
Baby Slaapzak met Afritsbare Mouw - Miffy Jacquard,baby-slaapzak-met-afritsbare-mouw-miffy-jacquard,https://jollein.nl/products/baby-slaapzak-met-afritsbare-mouw-miffy-jacquard
Baby Slaapzak met Afritsbare Mouw - Nostalgic Ride,baby-slaapzak-met-afritsbare-mouw-nostalgic-ride,https://jollein.nl/products/baby-slaapzak-met-afritsbare-mouw-nostalgic-ride
Baby Slaapzak met Afritsbare Mouw - On the Go,baby-slaapzak-met-afritsbare-mouw-on-the-go,https://jollein.nl/products/baby-slaapzak-met-afritsbare-mouw-on-the-go
Baby Slaapzak met Afritsbare Mouw - Retro Flowers,baby-slaapzak-met-afritsbare-mouw-retro-flowers,https://jollein.nl/products/baby-slaapzak-met-afritsbare-mouw-retro-flowers
Baby Slaapzak met Afritsbare Mouw - Rib,baby-slaapzak-met-afritsbare-mouw-rib,https://jollein.nl/products/baby-slaapzak-met-afritsbare-mouw-rib
Baby Slaapzak met Afritsbare Mouw - Riverside,baby-slaapzak-met-afritsbare-mouw-riverside,https://jollein.nl/products/baby-slaapzak-met-afritsbare-mouw-riverside
Baby Slaapzak met Afritsbare Mouw - Roarsome,baby-slaapzak-met-afritsbare-mouw-roarsome,https://jollein.nl/products/baby-slaapzak-met-afritsbare-mouw-roarsome
Baby Slaapzak met Afritsbare Mouw - Rosehip,baby-slaapzak-met-afritsbare-mouw-rosehip,https://jollein.nl/products/baby-slaapzak-met-afritsbare-mouw-rosehip
Baby Slaapzak met Afritsbare Mouw - Rond - Ajour,baby-slaapzak-met-afritsbare-mouw-rond-ajour,https://jollein.nl/products/baby-slaapzak-met-afritsbare-mouw-rond-ajour
Slaapzak met Afritsbare Mouw - Jersey - Rond - Riverside,slaapzak-met-afritsbare-mouw-jersey-rond-riverside,https://jollein.nl/products/slaapzak-met-afritsbare-mouw-jersey-rond-riverside
Baby Slaapzak met Afritsbare Mouw - Rond - Miffy Jacquard,baby-slaapzak-met-afritsbare-mouw-rond-miffy-jacquard,https://jollein.nl/products/baby-slaapzak-met-afritsbare-mouw-rond-miffy-jacquard
Baby Slaapzak met Afritsbare Mouw - Sleepy Miffy Terry,baby-slaapzak-met-afritsbare-mouw-sleepy-miffy-terry,https://jollein.nl/products/baby-slaapzak-met-afritsbare-mouw-sleepy-miffy-terry
Baby Slaapzak met Afritsbare Mouw - Teddy Bear,baby-slaapzak-met-afritsbare-mouw-teddy-bear,https://jollein.nl/products/baby-slaapzak-met-afritsbare-mouw-teddy-bear
Baby Slaapzak met Afritsbare Mouw - Tiny Park,baby-slaapzak-met-afritsbare-mouw-tiny-park,https://jollein.nl/products/baby-slaapzak-met-afritsbare-mouw-tiny-park
Baby Slaapzak met Afritsbare Mouw - Twig,baby-slaapzak-met-afritsbare-mouw-twig,https://jollein.nl/products/baby-slaapzak-met-afritsbare-mouw-twig
Baby Slaapzak met Afritsbare Mouw - Twinkling,baby-slaapzak-met-afritsbare-mouw-twinkling,https://jollein.nl/products/baby-slaapzak-met-afritsbare-mouw-twinkling
Baby Slaapzak met Afritsbare Mouw - Velvet,baby-slaapzak-met-afritsbare-mouw-velvet,https://jollein.nl/products/baby-slaapzak-met-afritsbare-mouw-velvet
Baby Slaapzak met Afritsbare Mouw - Wild Flowers,baby-slaapzak-met-afritsbare-mouw-wild-flowers,https://jollein.nl/products/baby-slaapzak-met-afritsbare-mouw-wild-flowers
Baby Slaapzak Wrapper - 0-3 maanden - Ajour,baby-slaapzak-wrapper-03-maanden-ajour,https://jollein.nl/products/baby-slaapzak-wrapper-03-maanden-ajour
Baby Slaapzak Wrapper - 0-3 maanden - Leafy Dreams,baby-slaapzak-wrapper-03-maanden-leafy-dreams,https://jollein.nl/products/baby-slaapzak-wrapper-03-maanden-leafy-dreams
Baby Slaapzak Wrapper - 0-3 maanden - Riverside,baby-slaapzak-wrapper-03-maanden-riverside,https://jollein.nl/products/baby-slaapzak-wrapper-03-maanden-riverside
Babygym Speeltjes - Animals,babygym-speeltjes-animals,https://jollein.nl/products/babygym-speeltjes-animals
Babygym Speeltjes - Elephant Tales,babygym-speeltjes-elephant-tales,https://jollein.nl/products/babygym-speeltjes-elephant-tales
Babygym Speeltjes - Lovely Birds,babygym-speeltjes-lovely-birds,https://jollein.nl/products/babygym-speeltjes-lovely-birds
Babygym Speeltjes - Moon,babygym-speeltjes-moon,https://jollein.nl/products/babygym-speeltjes-moon
Babygym Speeltjes - On The Go,babygym-speeltjes-on-the-go,https://jollein.nl/products/babygym-speeltjes-on-the-go
Babygym Toys - Roarsome,babygym-toys-roarsome,https://jollein.nl/products/babygym-toys-roarsome
Babygym Speeltjes - Tiny Park,babygym-speeltjes-tiny-park,https://jollein.nl/products/babygym-speeltjes-tiny-park
Babygym,babygym,https://jollein.nl/products/babygym
Rugtas - Boucle,rugtas-boucle,https://jollein.nl/products/rugtas-boucle
Rugtasje - Check Boucle,rugtasje-check-boucle,https://jollein.nl/products/rugtasje-check-boucle
Rugtasje - Pets,rugtasje-pets,https://jollein.nl/products/rugtasje-pets
Rugtasje - Puffed,rugtasje-puffed,https://jollein.nl/products/rugtasje-puffed
Rugtasje - Teddy Lovely,rugtasje-teddy-lovely,https://jollein.nl/products/rugtasje-teddy-lovely
Rugtasje Colourblock,rugtasje-colourblock,https://jollein.nl/products/rugtasje-colourblock
Ballon - Party Collection,ballon-party-collection,https://jollein.nl/products/ballon-party-collection
Badponcho Badstof,badponcho-badstof,https://jollein.nl/products/badponcho-badstof
Badponcho Badstof - Diego Dog/Charlie Cat,badponcho-badstof-diego-dogcharlie-cat,https://jollein.nl/products/badponcho-badstof-diego-dogcharlie-cat
Badponcho Badstof - Miffy Jacquard,badponcho-badstof-miffy-jacquard,https://jollein.nl/products/badponcho-badstof-miffy-jacquard
Badcape - Nostalgic Ride,badcape-nostalgic-ride,https://jollein.nl/products/badcape-nostalgic-ride
Badcape - Riverside,badcape-riverside,https://jollein.nl/products/badcape-riverside
Badcape - Teddy Bear - GOTS,badcape-teddy-bear-gots,https://jollein.nl/products/badcape-teddy-bear-gots
Badcape - Badstof,badcape-badstof,https://jollein.nl/products/badcape-badstof
Badcape - Tiny Park,badcape-tiny-park,https://jollein.nl/products/badcape-tiny-park
Badcape - Harvest,badcape-harvest,https://jollein.nl/products/badcape-harvest
Baby Badcape - Soft Waves,baby-badcape-soft-waves,https://jollein.nl/products/baby-badcape-soft-waves
Badcape Badstof - Diego Dog/Charlie Cat,badcape-badstof-diego-dogcharlie-cat,https://jollein.nl/products/badcape-badstof-diego-dogcharlie-cat
Badcape Badstof - Jungle Jambo,badcape-badstof-jungle-jambo,https://jollein.nl/products/badcape-badstof-jungle-jambo
Badcape Badstof - Miffy Jacquard,badcape-badstof-miffy-jacquard,https://jollein.nl/products/badcape-badstof-miffy-jacquard
Baby Badjas - Stripe Terry - GOTS,baby-badjas-stripe-terry-gots,https://jollein.nl/products/baby-badjas-stripe-terry-gots
Baby Badjas - Miffy Jacquard,baby-badjas-miffy-jacquard,https://jollein.nl/products/baby-badjas-miffy-jacquard
Boxbumper,boxbumper,https://jollein.nl/products/boxbumper
Slab - Animals - 5 Stuks,slab-animals-5-stuks,https://jollein.nl/products/slab-animals-5-stuks
Slab - Funky,slab-funky,https://jollein.nl/products/slab-funky
Slab - Retro Flowers,slab-retro-flowers,https://jollein.nl/products/slab-retro-flowers
Slab - Teddy Bear/Harvest - 5 Stuks,slab-teddy-bearharvest-5-stuks,https://jollein.nl/products/slab-teddy-bearharvest-5-stuks
Slab Bandana - 2 Stuks,slab-bandana-2-stuks,https://jollein.nl/products/slab-bandana-2-stuks
Slab Bandana - Flower Fairies - 2 Stuks,slab-bandana-flower-fairies-2-stuks,https://jollein.nl/products/slab-bandana-flower-fairies-2-stuks
Slab Bandana - Harvest,slab-bandana-harvest,https://jollein.nl/products/slab-bandana-harvest
Slab Bandana - Leafy Dreams - 2 Stuks,slab-bandana-leafy-dreams-2-stuks,https://jollein.nl/products/slab-bandana-leafy-dreams-2-stuks
Slab Bandana Hydrofiel - 2 Stuks,slab-bandana-hydrofiel-2-stuks,https://jollein.nl/products/slab-bandana-hydrofiel-2-stuks
Slab Bandana - Retro Flowers- 2 Stuks,slab-bandana-retro-flowers-2-stuks,https://jollein.nl/products/slab-bandana-retro-flowers-2-stuks
Slab Bandana - Soft Waves- 2 Stuks,slab-bandana-soft-waves-2-stuks,https://jollein.nl/products/slab-bandana-soft-waves-2-stuks
Slab Bandana - Teddy Bear - 2 Stuks - GOTS,slab-bandana-teddy-bear-2-stuks-gots,https://jollein.nl/products/slab-bandana-teddy-bear-2-stuks-gots
Slab Bandana - Twinkling - 2 Stuks,slab-bandana-twinkling-2-stuks,https://jollein.nl/products/slab-bandana-twinkling-2-stuks
Slab Bandana - Velvet Rib - 2 Stuks,slab-bandana-velvet-rib-2-stuks,https://jollein.nl/products/slab-bandana-velvet-rib-2-stuks
Slab Jersey Waterproof - Animal Friends - 5 Stuks,slab-jersey-waterproof-animal-friends-5-stuks,https://jollein.nl/products/slab-jersey-waterproof-animal-friends-5-stuks
Slab Jersey Waterproof - Bloomy - 5 Stuks,slab-jersey-waterproof-bloomy-5-stuks,https://jollein.nl/products/slab-jersey-waterproof-bloomy-5-stuks
Slab Jersey Waterproof - Flower Fairies - 5 Stuks,slab-jersey-waterproof-flower-fairies-5-stuks,https://jollein.nl/products/slab-jersey-waterproof-flower-fairies-5-stuks
Slab Jersey Waterproof - Miffy Heads - 5 Stuks,slab-jersey-waterproof-miffy-heads-5-stuks,https://jollein.nl/products/slab-jersey-waterproof-miffy-heads-5-stuks
Slab Jersey Waterproof - On The Go - 5 Stuks,slab-jersey-waterproof-on-the-go-5-stuks,https://jollein.nl/products/slab-jersey-waterproof-on-the-go-5-stuks
Slab Jersey Waterproof - Tiny Park - 5 Stuks,slab-jersey-waterproof-tiny-park-5-stuks,https://jollein.nl/products/slab-jersey-waterproof-tiny-park-5-stuks
Slab Miffy And Friends - 5 Stuks,slab-miffy-and-friends-5-stuks,https://jollein.nl/products/slab-miffy-and-friends-5-stuks
Slab Roarsome - 5 Stuks,slab-roarsome-5-stuks,https://jollein.nl/products/slab-roarsome-5-stuks
Slab Siliconen,slab-siliconen,https://jollein.nl/products/slab-siliconen
Slab Siliconen - Elephant Tales - 2 Stuks,slab-siliconen-elephant-tales-2-stuks,https://jollein.nl/products/slab-siliconen-elephant-tales-2-stuks
Slab Siliconen - Lovely Birds - 2 Stuks,slab-siliconen-lovely-birds-2-stuks,https://jollein.nl/products/slab-siliconen-lovely-birds-2-stuks
Slab Siliconen - On The Go - 2 Stuks,slab-siliconen-on-the-go-2-stuks,https://jollein.nl/products/slab-siliconen-on-the-go-2-stuks
Slab Badstof,slab-badstof,https://jollein.nl/products/slab-badstof
Slab Badstof - 3 Stuks,slab-badstof-3-stuks,https://jollein.nl/products/slab-badstof-3-stuks
Slab Waterproof - Animals- 2 Stuks,slab-waterproof-animals-2-stuks,https://jollein.nl/products/slab-waterproof-animals-2-stuks
Slab Waterproof - Dreamy Mouse - 2 Stuks,slab-waterproof-dreamy-mouse-2-stuks,https://jollein.nl/products/slab-waterproof-dreamy-mouse-2-stuks
Slab Waterproof - Elephant Tales - 2 Stuks,slab-waterproof-elephant-tales-2-stuks,https://jollein.nl/products/slab-waterproof-elephant-tales-2-stuks
Slab Waterproof - Flower Fairies - 2 Stuks,slab-waterproof-flower-fairies-2-stuks,https://jollein.nl/products/slab-waterproof-flower-fairies-2-stuks
Slab Waterproof - Jungle Jambo - 2 Stuks,slab-waterproof-jungle-jambo-2-stuks,https://jollein.nl/products/slab-waterproof-jungle-jambo-2-stuks
Slab Waterproof - Leafy Dreams - 2 Stuks,slab-waterproof-leafy-dreams-2-stuks,https://jollein.nl/products/slab-waterproof-leafy-dreams-2-stuks
Slab Waterproof - Lovely Birds - 2 Stuks,slab-waterproof-lovely-birds-2-stuks,https://jollein.nl/products/slab-waterproof-lovely-birds-2-stuks
Slab Waterproof - Meadow - 2 Stuks,slab-waterproof-meadow-2-stuks,https://jollein.nl/products/slab-waterproof-meadow-2-stuks
Slab Waterproof - Miffy & Snuffy - 2 Stuks,slab-waterproof-miffy-snuffy-2-stuks,https://jollein.nl/products/slab-waterproof-miffy-snuffy-2-stuks
Slab Waterproof - Miffy and Friends - 2 Stuks,slab-waterproof-miffy-and-friends-2-stuks,https://jollein.nl/products/slab-waterproof-miffy-and-friends-2-stuks
Slab Waterproof - Miffy Peekaboo - 2 Stuks,slab-waterproof-miffy-peekaboo-2-stuks,https://jollein.nl/products/slab-waterproof-miffy-peekaboo-2-stuks
Slab Waterproof - Peach - 2 Stuks,slab-waterproof-peach-2-stuks,https://jollein.nl/products/slab-waterproof-peach-2-stuks
Slab Waterproof Rosehip - 2 Stuks,slab-waterproof-rosehip-2-stuks,https://jollein.nl/products/slab-waterproof-rosehip-2-stuks
Slab Waterproof - Snake - 2 Stuks,slab-waterproof-snake-2-stuks,https://jollein.nl/products/slab-waterproof-snake-2-stuks
Slab Waterproof - Teddy Bear - 2 Stuks,slab-waterproof-teddy-bear-2-stuks,https://jollein.nl/products/slab-waterproof-teddy-bear-2-stuks
Slab Waterproof - Tiny Park - 2 Stuks,slab-waterproof-tiny-park-2-stuks,https://jollein.nl/products/slab-waterproof-tiny-park-2-stuks
Slab Waterproof met Mouw - Animals,slab-waterproof-met-mouw-animals,https://jollein.nl/products/slab-waterproof-met-mouw-animals
Slab Waterproof met Mouw - Elephant Tales,slab-waterproof-met-mouw-elephant-tales,https://jollein.nl/products/slab-waterproof-met-mouw-elephant-tales
Slab Waterproof met Mouw - Flower Fairies,slab-waterproof-met-mouw-flower-fairies,https://jollein.nl/products/slab-waterproof-met-mouw-flower-fairies
Slab Waterproof met Mouw - Jungle Jambo,slab-waterproof-met-mouw-jungle-jambo,https://jollein.nl/products/slab-waterproof-met-mouw-jungle-jambo
Slab Waterproof met Mouw - Leafy Dreams,slab-waterproof-met-mouw-leafy-dreams,https://jollein.nl/products/slab-waterproof-met-mouw-leafy-dreams
Slab Waterproof met Mouw - Lovely Birds,slab-waterproof-met-mouw-lovely-birds,https://jollein.nl/products/slab-waterproof-met-mouw-lovely-birds
Slab Waterproof met Mouw - Miffy & Snuffy,slab-waterproof-met-mouw-miffy-snuffy,https://jollein.nl/products/slab-waterproof-met-mouw-miffy-snuffy
Slab Waterproof met Mouw - Miffy and Friends,slab-waterproof-met-mouw-miffy-and-friends,https://jollein.nl/products/slab-waterproof-met-mouw-miffy-and-friends
Slab Waterproof met Mouw - Miffy Peekaboo,slab-waterproof-met-mouw-miffy-peekaboo,https://jollein.nl/products/slab-waterproof-met-mouw-miffy-peekaboo
Slab Waterproof met Mouw - Teddy Bear,slab-waterproof-met-mouw-teddy-bear,https://jollein.nl/products/slab-waterproof-met-mouw-teddy-bear
Slab Waterproof met Mouw - Tiny Park,slab-waterproof-met-mouw-tiny-park,https://jollein.nl/products/slab-waterproof-met-mouw-tiny-park
Verjaardagskroon - Hydrofiel,verjaardagskroon-hydrofiel,https://jollein.nl/products/verjaardagskroon-hydrofiel
Verjaardagskroon - Party Collection,verjaardagskroon-party-collection,https://jollein.nl/products/verjaardagskroon-party-collection
Deken - Basic,deken-basic,https://jollein.nl/products/deken-basic
Deken - Basic Jersey - Sherpa,deken-basic-jersey-sherpa,https://jollein.nl/products/deken-basic-jersey-sherpa
Deken - Basic Knit,deken-basic-knit,https://jollein.nl/products/deken-basic-knit
Deken - Basic Knit - Fleece,deken-basic-knit-fleece,https://jollein.nl/products/deken-basic-knit-fleece
Deken - Basic Knit - Velvet,deken-basic-knit-velvet,https://jollein.nl/products/deken-basic-knit-velvet
Deken - Box Knit - GOTS,deken-box-knit-gots,https://jollein.nl/products/deken-box-knit-gots
Deken - Box Knit - Velvet,deken-box-knit-velvet,https://jollein.nl/products/deken-box-knit-velvet
Deken - Check Knit,deken-check-knit,https://jollein.nl/products/deken-check-knit
Deken - Check Knit - Teddy Fleece,deken-check-knit-teddy-fleece,https://jollein.nl/products/deken-check-knit-teddy-fleece
Deken - Cosy Knit,deken-cosy-knit,https://jollein.nl/products/deken-cosy-knit
Deken - Cosy Knit - Velvet,deken-cosy-knit-velvet,https://jollein.nl/products/deken-cosy-knit-velvet
Deken - Fringe,deken-fringe,https://jollein.nl/products/deken-fringe
Deken - Grain Knit,deken-grain-knit,https://jollein.nl/products/deken-grain-knit
Deken - Grain Knit - Velvet,deken-grain-knit-velvet,https://jollein.nl/products/deken-grain-knit-velvet
Deken - Jersey - Bloomy,deken-jersey-bloomy,https://jollein.nl/products/deken-jersey-bloomy
Deken - Jersey - On The Go,deken-jersey-on-the-go,https://jollein.nl/products/deken-jersey-on-the-go
Deken - Jersey,deken-jersey,https://jollein.nl/products/deken-jersey
Deken - Jersey - Teddy Bear,deken-jersey-teddy-bear,https://jollein.nl/products/deken-jersey-teddy-bear
Deken - Jungle Jambo,deken-jungle-jambo,https://jollein.nl/products/deken-jungle-jambo
Deken - Miffy,deken-miffy,https://jollein.nl/products/deken-miffy
Deken - Miffy - Velvet,deken-miffy-velvet,https://jollein.nl/products/deken-miffy-velvet
Deken - Miffy - Fleece,deken-miffy-fleece,https://jollein.nl/products/deken-miffy-fleece
Deken - Miffy Stripe,deken-miffy-stripe,https://jollein.nl/products/deken-miffy-stripe
Deken - Muslin Fringe,deken-muslin-fringe,https://jollein.nl/products/deken-muslin-fringe
Deken - Fringe Stripe - GOTS,deken-fringe-stripe-gots,https://jollein.nl/products/deken-fringe-stripe-gots
Deken - Harvest,deken-harvest,https://jollein.nl/products/deken-harvest
Deken - Nostalgic Ride,deken-nostalgic-ride,https://jollein.nl/products/deken-nostalgic-ride
Deken - Pure Knit,deken-pure-knit,https://jollein.nl/products/deken-pure-knit
Deken - Velvet Pure Knit,deken-velvet-pure-knit,https://jollein.nl/products/deken-velvet-pure-knit
Deken - Shell Knit,deken-shell-knit,https://jollein.nl/products/deken-shell-knit
Deken - Soft Waves,deken-soft-waves,https://jollein.nl/products/deken-soft-waves
Deken - Velvet Rib,deken-velvet-rib,https://jollein.nl/products/deken-velvet-rib
Deken - Weave Knit - Merinowol,deken-weave-knit-merinowol,https://jollein.nl/products/deken-weave-knit-merinowol
Deken - Wrinkled,deken-wrinkled,https://jollein.nl/products/deken-wrinkled
Deken Hydrofiel Jacquard - GOTS,deken-hydrofiel-jacquard-gots,https://jollein.nl/products/deken-hydrofiel-jacquard-gots
Groeiboekje Hoes - Boucle,groeiboekje-hoes-boucle,https://jollein.nl/products/groeiboekje-hoes-boucle
Groeiboekje hoes - Hydrofiel,groeiboekje-hoes-hydrofiel,https://jollein.nl/products/groeiboekje-hoes-hydrofiel
Buggy/wandelwagen inlegger Badstof,buggywandelwagen-inlegger-badstof,https://jollein.nl/products/buggywandelwagen-inlegger-badstof
Klamboe Vintage 245cm,klamboe-vintage-245cm,https://jollein.nl/products/klamboe-vintage-245cm
Klamboe Vintage 245cm - Cosy Check,klamboe-vintage-245cm-cosy-check,https://jollein.nl/products/klamboe-vintage-245cm-cosy-check
Klamboe Vintage 245cm - Leafs,klamboe-vintage-245cm-leafs,https://jollein.nl/products/klamboe-vintage-245cm-leafs
Klamboe Vintage 245cm - Ruffle,klamboe-vintage-245cm-ruffle,https://jollein.nl/products/klamboe-vintage-245cm-ruffle
Aankleedkussen,aankleedkussen,https://jollein.nl/products/aankleedkussen
Aankleedkussenhoes - Cloudy Rib,aankleedkussenhoes-cloudy-rib,https://jollein.nl/products/aankleedkussenhoes-cloudy-rib
Aankleedkussenhoes - Grain Knit,aankleedkussenhoes-grain-knit,https://jollein.nl/products/aankleedkussenhoes-grain-knit
Aankleedkussenhoes - Pure Knit,aankleedkussenhoes-pure-knit,https://jollein.nl/products/aankleedkussenhoes-pure-knit
Aankleedkussenhoes - Safari,aankleedkussenhoes-safari,https://jollein.nl/products/aankleedkussenhoes-safari
Aankleedkussenhoes - Shell Knit,aankleedkussenhoes-shell-knit,https://jollein.nl/products/aankleedkussenhoes-shell-knit
Aankleedkussenhoes - Spring Knit,aankleedkussenhoes-spring-knit,https://jollein.nl/products/aankleedkussenhoes-spring-knit
Aankleedkussenhoes - Wrinkled,aankleedkussenhoes-wrinkled,https://jollein.nl/products/aankleedkussenhoes-wrinkled
Aankleedkussenhoes Jersey - Animal Friends,aankleedkussenhoes-jersey-animal-friends,https://jollein.nl/products/aankleedkussenhoes-jersey-animal-friends
Aankleedkussenhoes Jersey - Animals,aankleedkussenhoes-jersey-animals,https://jollein.nl/products/aankleedkussenhoes-jersey-animals
Aankleedkussenhoes Jersey - Bloomy,aankleedkussenhoes-jersey-bloomy,https://jollein.nl/products/aankleedkussenhoes-jersey-bloomy
Aankleedkussenhoes Jersey - Elephant Tales,aankleedkussenhoes-jersey-elephant-tales,https://jollein.nl/products/aankleedkussenhoes-jersey-elephant-tales
Aankleedkussenhoes Jersey - Flower Fairies,aankleedkussenhoes-jersey-flower-fairies,https://jollein.nl/products/aankleedkussenhoes-jersey-flower-fairies
Aankleedkussenhoes Jersey - Happy Miffy,aankleedkussenhoes-jersey-happy-miffy,https://jollein.nl/products/aankleedkussenhoes-jersey-happy-miffy
Aankleedkussenhoes Jersey - Jungle Jambo,aankleedkussenhoes-jersey-jungle-jambo,https://jollein.nl/products/aankleedkussenhoes-jersey-jungle-jambo
Aankleedkussenhoes Jersey - Leafy Dreams,aankleedkussenhoes-jersey-leafy-dreams,https://jollein.nl/products/aankleedkussenhoes-jersey-leafy-dreams
Aankleedkussenhoes Jersey - Miffy and Friends,aankleedkussenhoes-jersey-miffy-and-friends,https://jollein.nl/products/aankleedkussenhoes-jersey-miffy-and-friends
Aankleedkussenhoes Jersey - Nostalgic Ride,aankleedkussenhoes-jersey-nostalgic-ride,https://jollein.nl/products/aankleedkussenhoes-jersey-nostalgic-ride
Aankleedkussenhoes Jersey - On The Go,aankleedkussenhoes-jersey-on-the-go,https://jollein.nl/products/aankleedkussenhoes-jersey-on-the-go
Aankleedkussenhoes Jersey - Retro Flowers,aankleedkussenhoes-jersey-retro-flowers,https://jollein.nl/products/aankleedkussenhoes-jersey-retro-flowers
Aankleedkussenhoes Jersey - Riverside,aankleedkussenhoes-jersey-riverside,https://jollein.nl/products/aankleedkussenhoes-jersey-riverside
Aankleedkussenhoes Jersey - Teddy Bear,aankleedkussenhoes-jersey-teddy-bear,https://jollein.nl/products/aankleedkussenhoes-jersey-teddy-bear
Aankleedkussenhoes Jersey - Tiny Park,aankleedkussenhoes-jersey-tiny-park,https://jollein.nl/products/aankleedkussenhoes-jersey-tiny-park
Aankleedkussenhoes Jersey - Twig,aankleedkussenhoes-jersey-twig,https://jollein.nl/products/aankleedkussenhoes-jersey-twig
Aankleedkussenhoes Jersey Twinkling,aankleedkussenhoes-jersey-twinkling,https://jollein.nl/products/aankleedkussenhoes-jersey-twinkling
Aankleedkussenhoes Badstof,aankleedkussenhoes-badstof,https://jollein.nl/products/aankleedkussenhoes-badstof
Aankleedkussenhoes Badstof - 2 Stuks,aankleedkussenhoes-badstof-2-stuks,https://jollein.nl/products/aankleedkussenhoes-badstof-2-stuks
Aankleedkussenhoes Badstof Duo - 2 Stuks,aankleedkussenhoes-badstof-duo-2-stuks,https://jollein.nl/products/aankleedkussenhoes-badstof-duo-2-stuks
Verschoningsmatje - Boucle,verschoningsmatje-boucle,https://jollein.nl/products/verschoningsmatje-boucle
Verschoonmat - Teddy Miffy,verschoonmat-teddy-miffy,https://jollein.nl/products/verschoonmat-teddy-miffy
Verschoningsmat Hydrofiel,verschoningsmat-hydrofiel,https://jollein.nl/products/verschoningsmat-hydrofiel
Verschoningsmat Badstof - Miffy,verschoningsmat-badstof-miffy,https://jollein.nl/products/verschoningsmat-badstof-miffy
Verschoningsmat met Opbergvakken - Cloudy Rib,verschoningsmat-met-opbergvakken-cloudy-rib,https://jollein.nl/products/verschoningsmat-met-opbergvakken-cloudy-rib
Verschoningsmat met Opbergvak - Miffy Jacquard Teddy,verschoningsmat-met-opbergvak-miffy-jacquard-teddy,https://jollein.nl/products/verschoningsmat-met-opbergvak-miffy-jacquard-teddy
Verschoningsmat - Twill,verschoningsmat-twill,https://jollein.nl/products/verschoningsmat-twill
Commodemandje - Check Knit,commodemandje-check-knit,https://jollein.nl/products/commodemandje-check-knit
Commodemandje - Cloudy Rib,commodemandje-cloudy-rib,https://jollein.nl/products/commodemandje-cloudy-rib
Commodemandje - Cosy Knit,commodemandje-cosy-knit,https://jollein.nl/products/commodemandje-cosy-knit
Commodemandje - Grain Knit,commodemandje-grain-knit,https://jollein.nl/products/commodemandje-grain-knit
Commodemandje - Teddy Miffy,commodemandje-teddy-miffy,https://jollein.nl/products/commodemandje-teddy-miffy
Hydrofiele Doek Small,hydrofiele-doek-small,https://jollein.nl/products/hydrofiele-doek-small
Hydrofiele Doek Small 70x70cm - Animal Friends - 3 Stuks,hydrofiele-doek-small-70x70cm-animal-friends-3-stuks,https://jollein.nl/products/hydrofiele-doek-small-70x70cm-animal-friends-3-stuks
Hydrofiele Doek Small 70x70cm - Animals - 3 Stuks,hydrofiele-doek-small-70x70cm-animals-3-stuks,https://jollein.nl/products/hydrofiele-doek-small-70x70cm-animals-3-stuks
Hydrofiele Doek Small 70x70cm - Basic - 3 Stuks,hydrofiele-doek-small-70x70cm-basic-3-stuks,https://jollein.nl/products/hydrofiele-doek-small-70x70cm-basic-3-stuks
Hydrofiele Doek Small 70x70cm - Elephant Tales - 3 Stuks,hydrofiele-doek-small-70x70cm-elephant-tales-3-stuks,https://jollein.nl/products/hydrofiele-doek-small-70x70cm-elephant-tales-3-stuks
Hydrofiele Doek Small 70x70cm - Flower Fairies - 3 Stuks,hydrofiele-doek-small-70x70cm-flower-fairies-3-stuks,https://jollein.nl/products/hydrofiele-doek-small-70x70cm-flower-fairies-3-stuks
Hydrofiele Doek Small 70x70cm - Jungle Jambo - 3 Stuks,hydrofiele-doek-small-70x70cm-jungle-jambo-3-stuks,https://jollein.nl/products/hydrofiele-doek-small-70x70cm-jungle-jambo-3-stuks
Hydrofiele Doek Small 70x70cm - Leafy Dreams - 3 Stuks,hydrofiele-doek-small-70x70cm-leafy-dreams-3-stuks,https://jollein.nl/products/hydrofiele-doek-small-70x70cm-leafy-dreams-3-stuks
Hydrofiele Doek Small 70x70cm - Lovely Birds - 3 Stuks,hydrofiele-doek-small-70x70cm-lovely-birds-3-stuks,https://jollein.nl/products/hydrofiele-doek-small-70x70cm-lovely-birds-3-stuks
Hydrofiele Doek Small 70x70cm - Miffy Silhouettes - 3 Stuks,hydrofiele-doek-small-70x70cm-miffy-silhouettes-3-stuks,https://jollein.nl/products/hydrofiele-doek-small-70x70cm-miffy-silhouettes-3-stuks
Hydrofiele Doek Small 70x70cm - Miffy Stripe,hydrofiele-doek-small-70x70cm-miffy-stripe,https://jollein.nl/products/hydrofiele-doek-small-70x70cm-miffy-stripe
Hydrofiele Doek Small 70x70cm - Nostalgic Ride - 3 Stuks,hydrofiele-doek-small-70x70cm-nostalgic-ride-3-stuks,https://jollein.nl/products/hydrofiele-doek-small-70x70cm-nostalgic-ride-3-stuks
Hydrofiele Doek Small 70x70cm - Riverside - 3 Stuks,hydrofiele-doek-small-70x70cm-riverside-3-stuks,https://jollein.nl/products/hydrofiele-doek-small-70x70cm-riverside-3-stuks
Hydrofiele Doek Small 70x70cm - Roarsome - 3 Stuks,hydrofiele-doek-small-70x70cm-roarsome-3-stuks,https://jollein.nl/products/hydrofiele-doek-small-70x70cm-roarsome-3-stuks
Hydrofiele Doek Small 70x70cm - 4 Stuks,hydrofiele-doek-small-70x70cm-4-stuks,https://jollein.nl/products/hydrofiele-doek-small-70x70cm-4-stuks
Hydrofiele Doek Small 70x70cm - Bloomy - 3 Stuks,hydrofiele-doek-small-70x70cm-bloomy-3-stuks,https://jollein.nl/products/hydrofiele-doek-small-70x70cm-bloomy-3-stuks
Hydrofiele Doek Small 70x70cm - On The Go - 3 Stuks,hydrofiele-doek-small-70x70cm-on-the-go-3-stuks,https://jollein.nl/products/hydrofiele-doek-small-70x70cm-on-the-go-3-stuks
Hydrofiele Doek Small 70x70cm - Teddy Bear - 3 Stuks,hydrofiele-doek-small-70x70cm-teddy-bear-3-stuks,https://jollein.nl/products/hydrofiele-doek-small-70x70cm-teddy-bear-3-stuks
Hydrofiele Doek Small 70x70cm - Tiny Park - 3 Stuks,hydrofiele-doek-small-70x70cm-tiny-park-3-stuks,https://jollein.nl/products/hydrofiele-doek-small-70x70cm-tiny-park-3-stuks
Hydrofiele Doek Small 70x70cm - Twig - 3 Stuks,hydrofiele-doek-small-70x70cm-twig-3-stuks,https://jollein.nl/products/hydrofiele-doek-small-70x70cm-twig-3-stuks
Hydrofiele Doek Small 70x70cm - Twinkling - 3 Stuks,hydrofiele-doek-small-70x70cm-twinkling-3-stuks,https://jollein.nl/products/hydrofiele-doek-small-70x70cm-twinkling-3-stuks
Luiertas - Embossed,luiertas-embossed,https://jollein.nl/products/luiertas-embossed
Luiertas - Puffed Moos,luiertas-puffed-moos,https://jollein.nl/products/luiertas-puffed-moos
Luiertas - Teddy - No√©,luiertas-teddy-noe,https://jollein.nl/products/luiertas-teddy-noe
Luiertas rugzak - Boucle,luiertas-rugzak-boucle,https://jollein.nl/products/luiertas-rugzak-boucle
Luiertas Shopper - Check Boucle,luiertas-shopper-check-boucle,https://jollein.nl/products/luiertas-shopper-check-boucle
Luiertas Shopper - Teddy Lovely,luiertas-shopper-teddy-lovely,https://jollein.nl/products/luiertas-shopper-teddy-lovely
Luiertas Shopper - Twill,luiertas-shopper-twill,https://jollein.nl/products/luiertas-shopper-twill
Digitale Cadeaubon,digitale-cadeaubon,https://jollein.nl/products/digitale-cadeaubon
Drinkbeker Met Rietje - Siliconen,drinkbeker-met-rietje-siliconen,https://jollein.nl/products/drinkbeker-met-rietje-siliconen
Dekbed,dekbed,https://jollein.nl/products/dekbed
Dekbed 4-seizoenen,dekbed-4seizoenen,https://jollein.nl/products/dekbed-4seizoenen
Dekbedovertrek met sloop - Animal Friends,dekbedovertrek-met-sloop-animal-friends,https://jollein.nl/products/dekbedovertrek-met-sloop-animal-friends
Dekbedovertrek met sloop - Flower Fairies,dekbedovertrek-met-sloop-flower-fairies,https://jollein.nl/products/dekbedovertrek-met-sloop-flower-fairies
Dekbedovertrek met sloop - Harvest,dekbedovertrek-met-sloop-harvest,https://jollein.nl/products/dekbedovertrek-met-sloop-harvest
Dekbedovertrek met sloop - Jungle Jambo,dekbedovertrek-met-sloop-jungle-jambo,https://jollein.nl/products/dekbedovertrek-met-sloop-jungle-jambo
Dekbedovertrek met sloop - Lovely Birds,dekbedovertrek-met-sloop-lovely-birds,https://jollein.nl/products/dekbedovertrek-met-sloop-lovely-birds
Dekbedovertrek met sloop - Miffy & Snuffy,dekbedovertrek-met-sloop-miffy-snuffy,https://jollein.nl/products/dekbedovertrek-met-sloop-miffy-snuffy
Dekbedovertrek met sloop - Miffy and Friends,dekbedovertrek-met-sloop-miffy-and-friends,https://jollein.nl/products/dekbedovertrek-met-sloop-miffy-and-friends
Dekbedovertrek met sloop - Miffy Shadow,dekbedovertrek-met-sloop-miffy-shadow,https://jollein.nl/products/dekbedovertrek-met-sloop-miffy-shadow
Dekbedovertrek met sloop - Riverside,dekbedovertrek-met-sloop-riverside,https://jollein.nl/products/dekbedovertrek-met-sloop-riverside
Dekbedovertrek met sloop - Rosehip,dekbedovertrek-met-sloop-rosehip,https://jollein.nl/products/dekbedovertrek-met-sloop-rosehip
Dekbedovertrek met sloop - Tiny Park,dekbedovertrek-met-sloop-tiny-park,https://jollein.nl/products/dekbedovertrek-met-sloop-tiny-park
Dekbedovertrek met sloop - Twinkling,dekbedovertrek-met-sloop-twinkling,https://jollein.nl/products/dekbedovertrek-met-sloop-twinkling
Hoeslaken - Katoen,hoeslaken-katoen,https://jollein.nl/products/hoeslaken-katoen
Hoeslaken - Katoen - 2 Stuks,hoeslaken-katoen-2-stuks,https://jollein.nl/products/hoeslaken-katoen-2-stuks
Hoeslaken - Katoen - Rustbedje,hoeslaken-katoen-rustbedje,https://jollein.nl/products/hoeslaken-katoen-rustbedje
Hoeslaken - Jersey,hoeslaken-jersey,https://jollein.nl/products/hoeslaken-jersey
Hoeslaken - Jersey - 2 Stuks,hoeslaken-jersey-2-stuks,https://jollein.nl/products/hoeslaken-jersey-2-stuks
Hoeslaken - Jersey - 2 Stuks,hoeslaken-jersey-duo-2-stuks,https://jollein.nl/products/hoeslaken-jersey-duo-2-stuks
Hoeslaken - Jersey - Animal Friends,hoeslaken-jersey-animal-friends,https://jollein.nl/products/hoeslaken-jersey-animal-friends
Hoeslaken - Jersey - Animals,hoeslaken-jersey-animals,https://jollein.nl/products/hoeslaken-jersey-animals
Hoeslaken - Jersey - Bloomy,hoeslaken-jersey-bloomy,https://jollein.nl/products/hoeslaken-jersey-bloomy
Hoeslaken - Jersey - Elephant Tales,hoeslaken-jersey-elephant-tales,https://jollein.nl/products/hoeslaken-jersey-elephant-tales
Hoeslaken - Jersey - Flower Fairies,hoeslaken-jersey-flower-fairies,https://jollein.nl/products/hoeslaken-jersey-flower-fairies
Hoeslaken - Jersey - Happy Miffy,hoeslaken-jersey-happy-miffy,https://jollein.nl/products/hoeslaken-jersey-happy-miffy
Hoeslaken - Jersey - Jungle Jambo,hoeslaken-jersey-jungle-jambo,https://jollein.nl/products/hoeslaken-jersey-jungle-jambo
Hoeslaken - Jersey - Leafy Dreams,hoeslaken-jersey-leafy-dreams,https://jollein.nl/products/hoeslaken-jersey-leafy-dreams
Hoeslaken - Jersey - Miffy and Friends,hoeslaken-jersey-miffy-and-friends,https://jollein.nl/products/hoeslaken-jersey-miffy-and-friends
Hoeslaken - Jersey - Nostalgic Ride,hoeslaken-jersey-nostalgic-ride,https://jollein.nl/products/hoeslaken-jersey-nostalgic-ride
Hoeslaken - Jersey - On The Go,hoeslaken-jersey-on-the-go,https://jollein.nl/products/hoeslaken-jersey-on-the-go
Hoeslaken - Jersey - Riverside,hoeslaken-jersey-riverside,https://jollein.nl/products/hoeslaken-jersey-riverside
Hoeslaken - Jersey - Rosehip,hoeslaken-jersey-rosehip,https://jollein.nl/products/hoeslaken-jersey-rosehip
Hoeslaken - Jersey - Teddy Bear,hoeslaken-jersey-teddy-bear,https://jollein.nl/products/hoeslaken-jersey-teddy-bear
Hoeslaken - Jersey - Tiny Park,hoeslaken-jersey-tiny-park,https://jollein.nl/products/hoeslaken-jersey-tiny-park
Hoeslaken - Jersey - Twig,hoeslaken-jersey-twig,https://jollein.nl/products/hoeslaken-jersey-twig
Hoeslaken - Jersey - Twinkling,hoeslaken-jersey-twinkling,https://jollein.nl/products/hoeslaken-jersey-twinkling
Hoeslaken - Jersey - Uni,hoeslaken-jersey-uni,https://jollein.nl/products/hoeslaken-jersey-uni
Hoeslaken - Badstof Waterdicht,hoeslaken-badstof-waterdicht,https://jollein.nl/products/hoeslaken-badstof-waterdicht
Vlaggenlijn - Hydrofiel,vlaggenlijn-hydrofiel,https://jollein.nl/products/vlaggenlijn-hydrofiel
Vlaggenlijn - Party Collection,vlaggenlijn-party-collection,https://jollein.nl/products/vlaggenlijn-party-collection
Voetenzak buggy/kinderwagen - Embossed,voetenzak-buggykinderwagen-embossed,https://jollein.nl/products/voetenzak-buggykinderwagen-embossed
Voetenzak buggy/kinderwagen - Puffed,voetenzak-buggykinderwagen-puffed,https://jollein.nl/products/voetenzak-buggykinderwagen-puffed
Voetenzak groep 0+ 3/5 punts gordel - Basic Knit,voetenzak-groep-0-35-punts-gordel-basic-knit,https://jollein.nl/products/voetenzak-groep-0-35-punts-gordel-basic-knit
Voetenzak groep 0+ 3/5 punts gordel - Boucle,voetenzak-groep-0-35-punts-gordel-boucle,https://jollein.nl/products/voetenzak-groep-0-35-punts-gordel-boucle
Voetenzak groep 0+ 3/5 punts gordel - Check Boucle,voetenzak-groep-0-35-punts-gordel-check-boucle,https://jollein.nl/products/voetenzak-groep-0-35-punts-gordel-check-boucle
Voetenzak groep 0+ 3/5 punts gordel - Check Knit,voetenzak-groep-0-35-punts-gordel-check-knit,https://jollein.nl/products/voetenzak-groep-0-35-punts-gordel-check-knit
Voetenzak groep 0+ 3/5 punts gordel - Cloudy Rib,voetenzak-groep-0-35-punts-gordel-cloudy-rib,https://jollein.nl/products/voetenzak-groep-0-35-punts-gordel-cloudy-rib
Voetenzak groep 0+ 3/5 punts gordel - Embossed,voetenzak-groep-0-35-punts-gordel-embossed,https://jollein.nl/products/voetenzak-groep-0-35-punts-gordel-embossed
Voetenzak groep 0+ 3/5 punts gordel - Grain Knit,voetenzak-groep-0-35-punts-gordel-grain-knit,https://jollein.nl/products/voetenzak-groep-0-35-punts-gordel-grain-knit
Voetenzak groep 0+ 3/5 punts gordel - Miffy Jacquard,voetenzak-groep-0-35-punts-gordel-miffy-jacquard,https://jollein.nl/products/voetenzak-groep-0-35-punts-gordel-miffy-jacquard
Voetenzak groep 0+ 3/5 punts gordel - Miffy Teddy,voetenzak-groep-0-35-punts-gordel-miffy-teddy,https://jollein.nl/products/voetenzak-groep-0-35-punts-gordel-miffy-teddy
Voetenzak groep 0+ 3/5 punts gordel - Puffed,voetenzak-groep-0-35-punts-gordel-puffed,https://jollein.nl/products/voetenzak-groep-0-35-punts-gordel-puffed
Voetenzak groep 0+ 3/5 punts gordel - Teddy Lovely,voetenzak-groep-0-35-punts-gordel-teddy-lovely,https://jollein.nl/products/voetenzak-groep-0-35-punts-gordel-teddy-lovely
Groeimeter - Jungle Jambo,groeimeter-jungle-jambo,https://jollein.nl/products/groeimeter-jungle-jambo
Groeimeter - Lovely Birds,groeimeter-lovely-birds,https://jollein.nl/products/groeimeter-lovely-birds
Groeimeter - Tiny Park/Animal Friends,groeimeter-tiny-parkanimal-friends,https://jollein.nl/products/groeimeter-tiny-parkanimal-friends
Hide and Seek Activiteitenspeeltje Set - Tiny Park,hide-and-seek-activiteitenspeeltje-set-tiny-park,https://jollein.nl/products/hide-and-seek-activiteitenspeeltje-set-tiny-park
Stoelverkleiner - Basic,stoelverkleiner-basic,https://jollein.nl/products/stoelverkleiner-basic
Stoelverkleiner - Jungle Jambo,stoelverkleiner-jungle-jambo,https://jollein.nl/products/stoelverkleiner-jungle-jambo
Stoelverkleiner - Leafy Dreams,stoelverkleiner-leafy-dreams,https://jollein.nl/products/stoelverkleiner-leafy-dreams
Stoelverkleiner Meegroei,stoelverkleiner-meegroei,https://jollein.nl/products/stoelverkleiner-meegroei
Stoelverkleiner Meegroei - Cloudy Rib,stoelverkleiner-meegroei-cloudy-rib,https://jollein.nl/products/stoelverkleiner-meegroei-cloudy-rib
Stoelverkleiner Meegroei - Elephant Tales,stoelverkleiner-meegroei-elephant-tales,https://jollein.nl/products/stoelverkleiner-meegroei-elephant-tales
Stoelverkleiner Meegroei - Jungle Jambo,stoelverkleiner-meegroei-jungle-jambo,https://jollein.nl/products/stoelverkleiner-meegroei-jungle-jambo
Stoelverkleiner Meegroei Leafy Dreams,stoelverkleiner-meegroei-leafy-dreams,https://jollein.nl/products/stoelverkleiner-meegroei-leafy-dreams
Stoelverkleiner Meegroei - Miffy and Friends,stoelverkleiner-meegroei-miffy-and-friends,https://jollein.nl/products/stoelverkleiner-meegroei-miffy-and-friends
Stoelverkleiner Meegroei - Nostalgic Ride,stoelverkleiner-meegroei-nostalgic-ride,https://jollein.nl/products/stoelverkleiner-meegroei-nostalgic-ride
Kinderstoelkussen,kinderstoelkussen,https://jollein.nl/products/kinderstoelkussen
Kinderstoelkussen - Elephant Tales,kinderstoelkussen-elephant-tales,https://jollein.nl/products/kinderstoelkussen-elephant-tales
Kinderstoelkussen - Jungle Jambo,kinderstoelkussen-jungle-jambo,https://jollein.nl/products/kinderstoelkussen-jungle-jambo
Kinderstoelkussen - Leafy Dreams,kinderstoelkussen-leafy-dreams,https://jollein.nl/products/kinderstoelkussen-leafy-dreams
Kinderstoelkussen - Miffy and Friends,kinderstoelkussen-miffy-and-friends,https://jollein.nl/products/kinderstoelkussen-miffy-and-friends
Kinderstoelkussen - Nostalgic Ride,kinderstoelkussen-nostalgic-ride,https://jollein.nl/products/kinderstoelkussen-nostalgic-ride
Kruikenzak - Badstof,kruikenzak-badstof,https://jollein.nl/products/kruikenzak-badstof
Kinderfauteuil - Corduroy,kinderfauteuil-corduroy,https://jollein.nl/products/kinderfauteuil-corduroy
Kinderfauteuil - Teddy,kinderfauteuil-teddy,https://jollein.nl/products/kinderfauteuil-teddy
Kinderfauteuil - Twill,kinderfauteuil-twill,https://jollein.nl/products/kinderfauteuil-twill
Kinderserviesset 4-delig,kinderserviesset-4delig,https://jollein.nl/products/kinderserviesset-4delig
Speelgoedringen - Teddy Bear,speelgoedringen-teddy-bear,https://jollein.nl/products/speelgoedringen-teddy-bear
Babymobiel - Deepsea,babymobiel-deepsea,https://jollein.nl/products/babymobiel-deepsea
Molton,molton,https://jollein.nl/products/molton
Molton - 2 Stuks,molton-2-stuks,https://jollein.nl/products/molton-2-stuks
Moltonzeil,moltonzeil,https://jollein.nl/products/moltonzeil
Muskietennet - Autostoel,muskietennet-autostoel,https://jollein.nl/products/muskietennet-autostoel
Muskietennet - Campingbed,muskietennet-campingbed,https://jollein.nl/products/muskietennet-campingbed
Muskietennet Kinderwagen,muskietennet-kinderwagen,https://jollein.nl/products/muskietennet-kinderwagen
Monddoekje Hydrofiel 31x31cm - Animal Friends - 3 Stuks,monddoekje-hydrofiel-31x31cm-animal-friends-3-stuks,https://jollein.nl/products/monddoekje-hydrofiel-31x31cm-animal-friends-3-stuks
Monddoekje Hydrofiel 31x31cm - Animals - 3 Stuks,monddoekje-hydrofiel-31x31cm-animals-3-stuks,https://jollein.nl/products/monddoekje-hydrofiel-31x31cm-animals-3-stuks
Monddoekje Hydrofiel 31x31cm - Basic - 3 Stuks,monddoekje-hydrofiel-31x31cm-basic-3-stuks,https://jollein.nl/products/monddoekje-hydrofiel-31x31cm-basic-3-stuks
Monddoekje Hydrofiel 31x31cm - Bloomy - 3 Stuks,monddoekje-hydrofiel-31x31cm-bloomy-3-stuks,https://jollein.nl/products/monddoekje-hydrofiel-31x31cm-bloomy-3-stuks
Monddoekje Hydrofiel 31x31cm - Elephant Tales - 3 Stuks,monddoekje-hydrofiel-31x31cm-elephant-tales-3-stuks,https://jollein.nl/products/monddoekje-hydrofiel-31x31cm-elephant-tales-3-stuks
Monddoekje Hydrofiel 31x31cm - Flower Fairies - 3 Stuks,monddoekje-hydrofiel-31x31cm-flower-fairies-3-stuks,https://jollein.nl/products/monddoekje-hydrofiel-31x31cm-flower-fairies-3-stuks
Monddoekje Hydrofiel 31x31cm - Jungle Jambo - 3 Stuks,monddoekje-hydrofiel-31x31cm-jungle-jambo-3-stuks,https://jollein.nl/products/monddoekje-hydrofiel-31x31cm-jungle-jambo-3-stuks
Monddoekje Hydrofiel 31x31cm - Leafy Dreams - 3 Stuks,monddoekje-hydrofiel-31x31cm-leafy-dreams-3-stuks,https://jollein.nl/products/monddoekje-hydrofiel-31x31cm-leafy-dreams-3-stuks
Monddoekje Hydrofiel 31x31cm - Lovely Birds - 3 Stuks,monddoekje-hydrofiel-31x31cm-lovely-birds-3-stuks,https://jollein.nl/products/monddoekje-hydrofiel-31x31cm-lovely-birds-3-stuks
Monddoekje Hydrofiel 31x31cm - Nostalgic Ride - 3 Stuks,monddoekje-hydrofiel-31x31cm-nostalgic-ride-3-stuks,https://jollein.nl/products/monddoekje-hydrofiel-31x31cm-nostalgic-ride-3-stuks
Monddoekje Hydrofiel 31x31cm - On The Go - 3 Stuks,monddoekje-hydrofiel-31x31cm-on-the-go-3-stuks,https://jollein.nl/products/monddoekje-hydrofiel-31x31cm-on-the-go-3-stuks
Monddoekje Hydrofiel 31x31cm - Retro Flowers- 3 Stuks,monddoekje-hydrofiel-31x31cm-retro-flowers-3-stuks,https://jollein.nl/products/monddoekje-hydrofiel-31x31cm-retro-flowers-3-stuks
Monddoekje Hydrofiel 31x31cm - Riverside - 3 Stuks,monddoekje-hydrofiel-31x31cm-riverside-3-stuks,https://jollein.nl/products/monddoekje-hydrofiel-31x31cm-riverside-3-stuks
Monddoekje Hydrofiel 31x31cm - Roarsome - 3 Stuks,monddoekje-hydrofiel-31x31cm-roarsome-3-stuks,https://jollein.nl/products/monddoekje-hydrofiel-31x31cm-roarsome-3-stuks
Monddoekje Hydrofiel 31x31cm - Snake - 3 Stuks,monddoekje-hydrofiel-31x31cm-snake-3-stuks,https://jollein.nl/products/monddoekje-hydrofiel-31x31cm-snake-3-stuks
Monddoekje Hydrofiel 31x31cm - Teddy Bear - 3 Stuks,monddoekje-hydrofiel-31x31cm-teddy-bear-3-stuks,https://jollein.nl/products/monddoekje-hydrofiel-31x31cm-teddy-bear-3-stuks
Monddoekje Hydrofiel 31x31cm - Tiny Park - 3 Stuks,monddoekje-hydrofiel-31x31cm-tiny-park-3-stuks,https://jollein.nl/products/monddoekje-hydrofiel-31x31cm-tiny-park-3-stuks
Monddoekje Hydrofiel 31x31cm - Twig- 3 Stuks,monddoekje-hydrofiel-31x31cm-twig-3-stuks,https://jollein.nl/products/monddoekje-hydrofiel-31x31cm-twig-3-stuks
Monddoekje Hydrofiel 31x31cm - Twinkling - 3 Stuks,monddoekje-hydrofiel-31x31cm-twinkling-3-stuks,https://jollein.nl/products/monddoekje-hydrofiel-31x31cm-twinkling-3-stuks
Muziekhanger - Animals,muziekhanger-animals,https://jollein.nl/products/muziekhanger-animals
Muziekhanger - Deepsea,muziekhanger-deepsea,https://jollein.nl/products/muziekhanger-deepsea
Muziekhanger - Elephant Tales,muziekhanger-elephant-tales,https://jollein.nl/products/muziekhanger-elephant-tales
Muziekhanger - Lama,muziekhanger-lama,https://jollein.nl/products/muziekhanger-lama
Muziekhanger - Lamb,muziekhanger-lamb,https://jollein.nl/products/muziekhanger-lamb
Muziekhanger - Lovely Birds,muziekhanger-lovely-birds,https://jollein.nl/products/muziekhanger-lovely-birds
Muziekhanger - Moon,muziekhanger-moon,https://jollein.nl/products/muziekhanger-moon
Muziekhanger - On The Go,muziekhanger-on-the-go,https://jollein.nl/products/muziekhanger-on-the-go
Muziekhanger - Spring Garden,muziekhanger-spring-garden,https://jollein.nl/products/muziekhanger-spring-garden
Muziekhanger - Star,muziekhanger-star,https://jollein.nl/products/muziekhanger-star
Muziekhanger - Teddy Bear,muziekhanger-teddy-bear,https://jollein.nl/products/muziekhanger-teddy-bear
Newborn Slaapzak - 4-Seizoenen - Riverside,newborn-slaapzak-4seizoenen-riverside,https://jollein.nl/products/newborn-slaapzak-4seizoenen-riverside
Newborn Slaapzak - 4-Seizoenen - Teddy Bear,newborn-slaapzak-4seizoenen-teddy-bear,https://jollein.nl/products/newborn-slaapzak-4seizoenen-teddy-bear
Newborn Slaapzak - Jersey - 60cm - Harvest,newborn-slaapzak-jersey-60cm-harvest,https://jollein.nl/products/newborn-slaapzak-jersey-60cm-harvest
Newborn Slaapzak - Miffy Jacquard,newborn-slaapzak-miffy-jacquard,https://jollein.nl/products/newborn-slaapzak-miffy-jacquard
Newborn Slaapzak - Jersey - Rib - Nostalgic Ride,newborn-slaapzak-jersey-rib-nostalgic-ride,https://jollein.nl/products/newborn-slaapzak-jersey-rib-nostalgic-ride
Newborn Slaapzak - Hydrofiel,newborn-slaapzak-hydrofiel,https://jollein.nl/products/newborn-slaapzak-hydrofiel
Newborn Slaapzak - Hydrofiel - 60cm,newborn-slaapzak-hydrofiel-60cm,https://jollein.nl/products/newborn-slaapzak-hydrofiel-60cm
Newborn Slaapzak met Afritsbare Mouw - Rond - Ajour,newborn-slaapzak-met-afritsbare-mouw-rond-ajour,https://jollein.nl/products/newborn-slaapzak-met-afritsbare-mouw-rond-ajour
Newborn Slaapzak met Afritsbare Mouw - Rond - Leafy Dreams,newborn-slaapzak-met-afritsbare-mouw-rond-leafy-dreams,https://jollein.nl/products/newborn-slaapzak-met-afritsbare-mouw-rond-leafy-dreams
Newborn Slaapzak met Afritsbare Mouw - Rond - Miffy and Friends,newborn-slaapzak-met-afritsbare-mouw-rond-miffy-and-friends,https://jollein.nl/products/newborn-slaapzak-met-afritsbare-mouw-rond-miffy-and-friends
Newborn Slaapzak met Afritsbare Mouw - Jersey - Rond - Riverside,newborn-slaapzak-met-afritsbare-mouw-jersey-rond-riverside,https://jollein.nl/products/newborn-slaapzak-met-afritsbare-mouw-jersey-rond-riverside
Newborn Slaapzak met Afritsbare Mouw - Rond - Velvet,newborn-slaapzak-met-afritsbare-mouw-rond-velvet,https://jollein.nl/products/newborn-slaapzak-met-afritsbare-mouw-rond-velvet
Speendoekje - Animal Friends,speendoekje-animal-friends,https://jollein.nl/products/speendoekje-animal-friends
Speendoekje - Giraffe,speendoekje-giraffe,https://jollein.nl/products/speendoekje-giraffe
Speendoekje - Bunny - Riverside,speendoekje-bunny-riverside,https://jollein.nl/products/speendoekje-bunny-riverside
Speendoekje - Bunny Ears,speendoekje-bunny-ears,https://jollein.nl/products/speendoekje-bunny-ears
Speendoekje - Deepsea Whale,speendoekje-deepsea-whale,https://jollein.nl/products/speendoekje-deepsea-whale
Speendoekje - Deer,speendoekje-deer,https://jollein.nl/products/speendoekje-deer
Speendoekje - Dreamy Mouse,speendoekje-dreamy-mouse,https://jollein.nl/products/speendoekje-dreamy-mouse
Speendoekje - Elephant Tales,speendoekje-elephant-tales,https://jollein.nl/products/speendoekje-elephant-tales
Speendoekje - Harvest,speendoekje-harvest,https://jollein.nl/products/speendoekje-harvest
Speendoekje - Lama,speendoekje-lama,https://jollein.nl/products/speendoekje-lama
Speendoekje - Little Star,speendoekje-little-star,https://jollein.nl/products/speendoekje-little-star
Speendoekje - Mick/Jill,speendoekje-mickjill,https://jollein.nl/products/speendoekje-mickjill
Speendoekje - Moon,speendoekje-moon,https://jollein.nl/products/speendoekje-moon
Speendoekje - Teddy Bear,speendoekje-teddy-bear,https://jollein.nl/products/speendoekje-teddy-bear
Speendoekje Badstof - Leaf,speendoekje-badstof-leaf,https://jollein.nl/products/speendoekje-badstof-leaf
Activiteiten Boxhanger - Animal Friends/Elephant Tales,activiteiten-boxhanger-animal-friendselephant-tales,https://jollein.nl/products/activiteiten-boxhanger-animal-friendselephant-tales
Boxbumper - Check Knit,boxbumper-check-knit,https://jollein.nl/products/boxbumper-check-knit
Boxbumper - Cloudy Rib,boxbumper-cloudy-rib,https://jollein.nl/products/boxbumper-cloudy-rib
Boxbumper - Cosy Knit,boxbumper-cosy-knit,https://jollein.nl/products/boxbumper-cosy-knit
Boxbumper - Grain Knit,boxbumper-grain-knit,https://jollein.nl/products/boxbumper-grain-knit
Boxbumper - Harvest,boxbumper-harvest,https://jollein.nl/products/boxbumper-harvest
Boxdek - Botanical,boxdek-botanical,https://jollein.nl/products/boxdek-botanical
Boxkleed - Basic Knit,boxkleed-basic-knit,https://jollein.nl/products/boxkleed-basic-knit
Boxkleed - Boucle,boxkleed-boucle,https://jollein.nl/products/boxkleed-boucle
Boxkleed - Check Boucle,boxkleed-check-boucle,https://jollein.nl/products/boxkleed-check-boucle
Boxkleed - Check Knit,boxkleed-check-knit,https://jollein.nl/products/boxkleed-check-knit
Boxkleed - Cloudy Rib,boxkleed-cloudy-rib,https://jollein.nl/products/boxkleed-cloudy-rib
Boxkleed - Cosy Knit,boxkleed-cosy-knit,https://jollein.nl/products/boxkleed-cosy-knit
Boxkleed - Dreamy Mouse,boxkleed-dreamy-mouse,https://jollein.nl/products/boxkleed-dreamy-mouse
Boxkleed - Grain Knit,boxkleed-grain-knit,https://jollein.nl/products/boxkleed-grain-knit
Boxkleed - Harvest,boxkleed-harvest,https://jollein.nl/products/boxkleed-harvest
Boxkleed - Soft Waves,boxkleed-soft-waves,https://jollein.nl/products/boxkleed-soft-waves
Boxkleed - Teddy Bear,boxkleed-teddy-bear,https://jollein.nl/products/boxkleed-teddy-bear
Boxkleed Box - Teddy,boxkleed-box-teddy,https://jollein.nl/products/boxkleed-box-teddy
Boxkleed - Spot,boxkleed-spot,https://jollein.nl/products/boxkleed-spot
Boxopbergzak - Boucle,boxopbergzak-boucle,https://jollein.nl/products/boxopbergzak-boucle
Boxopbergzak - Cloudy Rib,boxopbergzak-cloudy-rib,https://jollein.nl/products/boxopbergzak-cloudy-rib
Boxopbergzak - Miffy Jacquard Teddy,boxopbergzak-miffy-jacquard-teddy,https://jollein.nl/products/boxopbergzak-miffy-jacquard-teddy
Boxopbergzak - Teddy Miffy,boxopbergzak-teddy-miffy,https://jollein.nl/products/boxopbergzak-teddy-miffy
Boxopbergzak Box - Teddy,boxopbergzak-box-teddy,https://jollein.nl/products/boxopbergzak-box-teddy
Boxopbergzak Organizer - Cloudy Rib,boxopbergzak-organizer-cloudy-rib,https://jollein.nl/products/boxopbergzak-organizer-cloudy-rib
Boxopbergzak Organizer - Corduroy,boxopbergzak-organizer-corduroy,https://jollein.nl/products/boxopbergzak-organizer-corduroy
Etui - Boucle,etui-boucle,https://jollein.nl/products/etui-boucle
Etui - Cloudy Rib,etui-cloudy-rib,https://jollein.nl/products/etui-cloudy-rib
Etui - Puffed,etui-puffed,https://jollein.nl/products/etui-puffed
Etui - Teddy Miffy,etui-teddy-miffy,https://jollein.nl/products/etui-teddy-miffy
Etui Badstof - Miffy,etui-badstof-miffy,https://jollein.nl/products/etui-badstof-miffy
Wagenspanner Deepsea,wagenspanner-deepsea,https://jollein.nl/products/wagenspanner-deepsea
Wagenspanner - Elephant Tales,wagenspanner-elephant-tales,https://jollein.nl/products/wagenspanner-elephant-tales
Wagenspanner - Lovely Birds,wagenspanner-lovely-birds,https://jollein.nl/products/wagenspanner-lovely-birds
Wagenspanner - On The Go,wagenspanner-on-the-go,https://jollein.nl/products/wagenspanner-on-the-go
Wagenspanner - Roarsome,wagenspanner-roarsome,https://jollein.nl/products/wagenspanner-roarsome
Wagenspanner - Tiny Park,wagenspanner-tiny-park,https://jollein.nl/products/wagenspanner-tiny-park
Wagenhanger - Animal Friends,wagenhanger-animal-friends,https://jollein.nl/products/wagenhanger-animal-friends
Wagenhanger - Deepsea,wagenhanger-deepsea,https://jollein.nl/products/wagenhanger-deepsea
Wagenhanger - Riverside - Bunny,wagenhanger-riverside-bunny,https://jollein.nl/products/wagenhanger-riverside-bunny
Wagenhanger - Roarsome,wagenhanger-roarsome,https://jollein.nl/products/wagenhanger-roarsome
Wagenhanger - Spring Garden,wagenhanger-spring-garden,https://jollein.nl/products/wagenhanger-spring-garden
Regenhoes,regenhoes,https://jollein.nl/products/regenhoes
Rammelaar - Giraffe,rammelaar-giraffe,https://jollein.nl/products/rammelaar-giraffe
Rammelaar - Bunny - Riverside,rammelaar-bunny-riverside,https://jollein.nl/products/rammelaar-bunny-riverside
Rammelaar - Elephant Tales,rammelaar-elephant-tales,https://jollein.nl/products/rammelaar-elephant-tales
Rammelaar - Fairy,rammelaar-fairy,https://jollein.nl/products/rammelaar-fairy
Rammelaar - Moon,rammelaar-moon,https://jollein.nl/products/rammelaar-moon
Rammelaar - On The Go,rammelaar-on-the-go,https://jollein.nl/products/rammelaar-on-the-go
Rammelaar - Teddy Bear,rammelaar-teddy-bear,https://jollein.nl/products/rammelaar-teddy-bear
Luiertas - Puffed,luiertas-puffed,https://jollein.nl/products/luiertas-puffed
Laken - Animal Friends,laken-animal-friends,https://jollein.nl/products/laken-animal-friends
Laken - Animals,laken-animals,https://jollein.nl/products/laken-animals
Laken - Bloomy,laken-bloomy,https://jollein.nl/products/laken-bloomy
Laken - Elephant Tales,laken-elephant-tales,https://jollein.nl/products/laken-elephant-tales
Laken - Family,laken-family,https://jollein.nl/products/laken-family
Laken - Flower Fairies,laken-flower-fairies,https://jollein.nl/products/laken-flower-fairies
Laken - Goose,laken-goose,https://jollein.nl/products/laken-goose
Laken - Harvest,laken-harvest,https://jollein.nl/products/laken-harvest
Laken Lace,laken-lace,https://jollein.nl/products/laken-lace
Laken - Leafy Dreams,laken-leafy-dreams,https://jollein.nl/products/laken-leafy-dreams
Laken - Love You,laken-love-you,https://jollein.nl/products/laken-love-you
Laken - Lovely Birds,laken-lovely-birds,https://jollein.nl/products/laken-lovely-birds
Laken - Meadow,laken-meadow,https://jollein.nl/products/laken-meadow
Laken - Miffy and Friends,laken-miffy-and-friends,https://jollein.nl/products/laken-miffy-and-friends
Laken - Moonlight,laken-moonlight,https://jollein.nl/products/laken-moonlight
Laken - My Tiny Miracle,laken-my-tiny-miracle,https://jollein.nl/products/laken-my-tiny-miracle
Laken - Nostalgic Ride,laken-nostalgic-ride,https://jollein.nl/products/laken-nostalgic-ride
Laken - On The Go,laken-on-the-go,https://jollein.nl/products/laken-on-the-go
Laken - Retro Flowers,laken-retro-flowers,https://jollein.nl/products/laken-retro-flowers
Laken - Riverside,laken-riverside,https://jollein.nl/products/laken-riverside
Laken - Rosehip,laken-rosehip,https://jollein.nl/products/laken-rosehip
Laken - Ruffle,laken-ruffle,https://jollein.nl/products/laken-ruffle
Laken - Sleepy Miffy,laken-sleepy-miffy,https://jollein.nl/products/laken-sleepy-miffy
Laken - Slub,laken-slub,https://jollein.nl/products/laken-slub
Laken - Tiny Park,laken-tiny-park,https://jollein.nl/products/laken-tiny-park
Laken - Twinkling,laken-twinkling,https://jollein.nl/products/laken-twinkling
Laken - Uni,laken-uni,https://jollein.nl/products/laken-uni
Siliconen Speenhouder √ò7cm,siliconen-speenhouder-o7cm,https://jollein.nl/products/siliconen-speenhouder-o7cm
Siliconen Bijtring Sleutelbos - Lovely Birds,siliconen-bijtring-sleutelbos-lovely-birds,https://jollein.nl/products/siliconen-bijtring-sleutelbos-lovely-birds
Siliconen Bijtring Sleutelbos - On The Go,siliconen-bijtring-sleutelbos-on-the-go,https://jollein.nl/products/siliconen-bijtring-sleutelbos-on-the-go
Newborn Slaapzak Cocoon - 0-3 maanden - Bloomy,newborn-slaapzak-cocoon-03-maanden-bloomy,https://jollein.nl/products/newborn-slaapzak-cocoon-03-maanden-bloomy
Newborn Slaapzak Cocoon - 0-3 maanden - Riverside,newborn-slaapzak-cocoon-03-maanden-riverside,https://jollein.nl/products/newborn-slaapzak-cocoon-03-maanden-riverside
Siliconen Snack Cup,siliconen-snack-cup,https://jollein.nl/products/siliconen-snack-cup
Kinderfauteuil,kinderfauteuil,https://jollein.nl/products/kinderfauteuil
Activiteitenboekje - Flower Fairies,activiteitenboekje-flower-fairies,https://jollein.nl/products/activiteitenboekje-flower-fairies
Activiteitenboekje - Lovely Birds,activiteitenboekje-lovely-birds,https://jollein.nl/products/activiteitenboekje-lovely-birds
Activiteitenboekje - On The Go,activiteitenboekje-on-the-go,https://jollein.nl/products/activiteitenboekje-on-the-go
Activiteitenboekje - Spring garden,activiteitenboekje-spring-garden,https://jollein.nl/products/activiteitenboekje-spring-garden
Activiteitenboekje - Tiny Park,activiteitenboekje-tiny-park,https://jollein.nl/products/activiteitenboekje-tiny-park
Stoffen Speelbal,stoffen-speelbal,https://jollein.nl/products/stoffen-speelbal
Siliconen Lepeltje - 2-Pack,siliconen-lepeltje-2pack,https://jollein.nl/products/siliconen-lepeltje-2pack
Opbergzak - Harvest,opbergzak-harvest,https://jollein.nl/products/opbergzak-harvest
Opbergmand - Boucle,opbergmand-boucle,https://jollein.nl/products/opbergmand-boucle
Opbergmand - Miffy Jacquard Teddy,opbergmand-miffy-jacquard-teddy,https://jollein.nl/products/opbergmand-miffy-jacquard-teddy
Siliconen Rietjes Multicolour - 6-Pack,siliconen-rietjes-multicolour-6pack,https://jollein.nl/products/siliconen-rietjes-multicolour-6pack
Kinderwagen Handschoenen - Teddy,kinderwagen-handschoenen-teddy,https://jollein.nl/products/kinderwagen-handschoenen-teddy
Tassenhaak Kinderwagen,tassenhaak-kinderwagen,https://jollein.nl/products/tassenhaak-kinderwagen
Kinderwagen Buggy Organizer - Puffed,kinderwagen-buggy-organizer-puffed,https://jollein.nl/products/kinderwagen-buggy-organizer-puffed
Knuffel - Animal Friends,knuffel-animal-friends,https://jollein.nl/products/knuffel-animal-friends
Knuffel - Konijn,knuffel-konijn,https://jollein.nl/products/knuffel-konijn
Knuffel - Bunny - Riverside,knuffel-bunny-riverside,https://jollein.nl/products/knuffel-bunny-riverside
Knuffel - Doll,knuffel-fairy,https://jollein.nl/products/knuffel-fairy
Knuffel - Doll,knuffel-doll,https://jollein.nl/products/knuffel-doll
Knuffel - Elephant Tales,knuffel-elephant-tales,https://jollein.nl/products/knuffel-elephant-tales
Knuffel - Giraffe,knuffel-giraffe,https://jollein.nl/products/knuffel-giraffe
Knuffel - Lama,knuffel-lama,https://jollein.nl/products/knuffel-lama
Knuffel - Lamb,knuffel-lamb,https://jollein.nl/products/knuffel-lamb
Knuffel - Mick/Jill,knuffel-mickjill,https://jollein.nl/products/knuffel-mickjill
Knuffel - Mouse,knuffel-mouse,https://jollein.nl/products/knuffel-mouse
Knuffel - Roarsome,knuffel-roarsome,https://jollein.nl/products/knuffel-roarsome
Knuffel - Teddy Bear,knuffel-teddy-bear,https://jollein.nl/products/knuffel-teddy-bear
Piekstok Klamboe,piekstok-klamboe,https://jollein.nl/products/piekstok-klamboe
Piekstok - Messing,piekstok-messing,https://jollein.nl/products/piekstok-messing
Piekstok Sluier,piekstok-sluier,https://jollein.nl/products/piekstok-sluier
Piekstok Sluier Messing,piekstok-sluier-messing,https://jollein.nl/products/piekstok-sluier-messing
Hydrofiele Doek Small 70x70cm - 3 Stuks Happy Miffy,hydrofiele-doek-small-70x70cm-3-stuks-happy-miffy,https://jollein.nl/products/hydrofiele-doek-small-70x70cm-3-stuks-happy-miffy
Hydrofiele Doek Large 115x115cm,hydrofiele-doek-large-115x115cm,https://jollein.nl/products/hydrofiele-doek-large-115x115cm
Hydrofiele Doek Large 115x115cm - Animal Friends - 2 Stuks,hydrofiele-doek-large-115x115cm-animal-friends-2-stuks,https://jollein.nl/products/hydrofiele-doek-large-115x115cm-animal-friends-2-stuks
Hydrofiele Doek Large 115x115cm - Animals - 2 Stuks,hydrofiele-doek-large-115x115cm-animals-2-stuks,https://jollein.nl/products/hydrofiele-doek-large-115x115cm-animals-2-stuks
Hydrofiele Doek Large 115x115cm - Basic - 2 Stuks,hydrofiele-doek-large-115x115cm-basic-2-stuks,https://jollein.nl/products/hydrofiele-doek-large-115x115cm-basic-2-stuks
Hydrofiele Doek Large 115x115cm - Dreamy Mouse,hydrofiele-doek-large-115x115cm-dreamy-mouse,https://jollein.nl/products/hydrofiele-doek-large-115x115cm-dreamy-mouse
Hydrofiele Doek Large 115x115cm - Elephant Tales - 2 Stuks,hydrofiele-doek-large-115x115cm-elephant-tales-2-stuks,https://jollein.nl/products/hydrofiele-doek-large-115x115cm-elephant-tales-2-stuks
Hydrofiele Doek Large 115x115cm - Flower Fairies - 2 Stuks,hydrofiele-doek-large-115x115cm-flower-fairies-2-stuks,https://jollein.nl/products/hydrofiele-doek-large-115x115cm-flower-fairies-2-stuks
Hydrofiele Doek Large 115x115cm - Jungle Jambo - 2 Stuks,hydrofiele-doek-large-115x115cm-jungle-jambo-2-stuks,https://jollein.nl/products/hydrofiele-doek-large-115x115cm-jungle-jambo-2-stuks
Hydrofiele Doek Large 115x115cm - Bloomy - 2 Stuks,hydrofiele-doek-large-115x115cm-bloomy-2-stuks,https://jollein.nl/products/hydrofiele-doek-large-115x115cm-bloomy-2-stuks
Hydrofiele Doek Large 115x115cm - On The Go - 2 Stuks,hydrofiele-doek-large-115x115cm-on-the-go-2-stuks,https://jollein.nl/products/hydrofiele-doek-large-115x115cm-on-the-go-2-stuks
Hydrofiele Doek Large 115x115cm - Leafy Dreams - 2 Stuks,hydrofiele-doek-large-115x115cm-leafy-dreams-2-stuks,https://jollein.nl/products/hydrofiele-doek-large-115x115cm-leafy-dreams-2-stuks
Hydrofiele Doek Large 115x115cm - Lovely Birds - 2 Stuks,hydrofiele-doek-large-115x115cm-lovely-birds-2-stuks,https://jollein.nl/products/hydrofiele-doek-large-115x115cm-lovely-birds-2-stuks
Hydrofiele Doek Large 115x115cm - 2 Stuks Happy Miffy,hydrofiele-doek-large-115x115cm-2-stuks-happy-miffy,https://jollein.nl/products/hydrofiele-doek-large-115x115cm-2-stuks-happy-miffy
Hydrofiele Doek Large 115x115cm - Miffy Silhouettes - 2 Stuks,hydrofiele-doek-large-115x115cm-miffy-silhouettes-2-stuks,https://jollein.nl/products/hydrofiele-doek-large-115x115cm-miffy-silhouettes-2-stuks
Hydrofiele Doek Large 115x115cm - Miffy Stripe,hydrofiele-doek-large-115x115cm-miffy-stripe,https://jollein.nl/products/hydrofiele-doek-large-115x115cm-miffy-stripe
Hydrofiele Doek Large 115x115cm - Nostalgic Ride - 2 Stuks,hydrofiele-doek-large-115x115cm-nostalgic-ride-2-stuks,https://jollein.nl/products/hydrofiele-doek-large-115x115cm-nostalgic-ride-2-stuks
Hydrofiele Doek Large 115x115cm - Polar - 2 Stuks,hydrofiele-doek-large-115x115cm-polar-2-stuks,https://jollein.nl/products/hydrofiele-doek-large-115x115cm-polar-2-stuks
Hydrofiele Doek Large 115x115cm - Retro Flowers- 2 Stuks,hydrofiele-doek-large-115x115cm-retro-flowers-2-stuks,https://jollein.nl/products/hydrofiele-doek-large-115x115cm-retro-flowers-2-stuks
Hydrofiele Doek Large 115x115cm - Riverside - 2 Stuks,hydrofiele-doek-large-115x115cm-riverside-2-stuks,https://jollein.nl/products/hydrofiele-doek-large-115x115cm-riverside-2-stuks
Hydrofiele Doek Large 115x115cm - Roarsome - 2 Stuks,hydrofiele-doek-large-115x115cm-roarsome-2-stuks,https://jollein.nl/products/hydrofiele-doek-large-115x115cm-roarsome-2-stuks
Hydrofiele Doek Large 115x115cm - Teddy Bear - 2 Stuks,hydrofiele-doek-large-115x115cm-teddy-bear-2-stuks,https://jollein.nl/products/hydrofiele-doek-large-115x115cm-teddy-bear-2-stuks
Hydrofiele Doek Large 115x115cm - Tiny Park - 2 Stuks,hydrofiele-doek-large-115x115cm-tiny-park-2-stuks,https://jollein.nl/products/hydrofiele-doek-large-115x115cm-tiny-park-2-stuks
Hydrofiele Doek Large 115x115cm - Twig - 3 Stuks,hydrofiele-doek-large-115x115cm-twig-3-stuks,https://jollein.nl/products/hydrofiele-doek-large-115x115cm-twig-3-stuks
Hydrofiele Doek Large 115x115cm - Twinkling - 2 Stuks,hydrofiele-doek-large-115x115cm-twinkling-2-stuks,https://jollein.nl/products/hydrofiele-doek-large-115x115cm-twinkling-2-stuks
Hydrofiele Doek 70x70cm - Dreamy Mouse- 2 Stuks,hydrofiele-doek-70x70cm-dreamy-mouse-2-stuks,https://jollein.nl/products/hydrofiele-doek-70x70cm-dreamy-mouse-2-stuks
Hydrofiele Doek 70x70cm - Stripe&Olive - 2 Stuks,hydrofiele-doek-70x70cm-stripeolive-2-stuks,https://jollein.nl/products/hydrofiele-doek-70x70cm-stripeolive-2-stuks
"Bijtring Bal Siliconen √ò9,5cm",bijtring-bal-siliconen-o95cm,https://jollein.nl/products/bijtring-bal-siliconen-o95cm
Bijtring - Bear,bijtring-bear,https://jollein.nl/products/bijtring-bear
Bijtring - Konijn,bijtring-konijn,https://jollein.nl/products/bijtring-konijn
Bijtring - Bunny Ears,bijtring-bunny-ears,https://jollein.nl/products/bijtring-bunny-ears
Bijtring - Deer,bijtring-deer,https://jollein.nl/products/bijtring-deer
Bijtring - Mick/Jill,bijtring-mickjill,https://jollein.nl/products/bijtring-mickjill
Bijtring Rubber - Lovely Birds,bijtring-rubber-lovely-birds,https://jollein.nl/products/bijtring-rubber-lovely-birds
Bijtring Rubber - Nostalgic Ride,bijtring-rubber-nostalgic-ride,https://jollein.nl/products/bijtring-rubber-nostalgic-ride
Bijtring Rubber - On The Go,bijtring-rubber-on-the-go,https://jollein.nl/products/bijtring-rubber-on-the-go
Bijtring Rubber - Teddy Bear,bijtring-rubber-teddy-bear,https://jollein.nl/products/bijtring-rubber-teddy-bear
Bijtring - Teddy Bear,bijtring-teddy-bear,https://jollein.nl/products/bijtring-teddy-bear
Speelkoffertje - Animal Friends - 2 Stuks,speelkoffertje-animal-friends-2-stuks,https://jollein.nl/products/speelkoffertje-animal-friends-2-stuks
Speelkoffertjes - Dreamy Mouse - 2 Stuks,speelkoffertjes-dreamy-mouse-2-stuks,https://jollein.nl/products/speelkoffertjes-dreamy-mouse-2-stuks
Speelkoffertje - Nostalgic Ride - 2 Stuks,speelkoffertje-nostalgic-ride-2-stuks,https://jollein.nl/products/speelkoffertje-nostalgic-ride-2-stuks
Speelkoffertje - Roarsome - 2 Stuks,speelkoffertje-roarsome-2-stuks,https://jollein.nl/products/speelkoffertje-roarsome-2-stuks
Speelkoffertje - Tiny Park - 2 Stuks,speelkoffertje-tiny-park-2-stuks,https://jollein.nl/products/speelkoffertje-tiny-park-2-stuks
Sluier Vintage,sluier-vintage,https://jollein.nl/products/sluier-vintage
Sluier Vintage 155cm - Boho Lace,sluier-vintage-155cm-boho-lace,https://jollein.nl/products/sluier-vintage-155cm-boho-lace
Sluier Vintage 155cm - Cosy Check,sluier-vintage-155cm-cosy-check,https://jollein.nl/products/sluier-vintage-155cm-cosy-check
Sluier Vintage 155cm - Leafs,sluier-vintage-155cm-leafs,https://jollein.nl/products/sluier-vintage-155cm-leafs
Sluier Vintage 155cm - Ruffle,sluier-vintage-155cm-ruffle,https://jollein.nl/products/sluier-vintage-155cm-ruffle
Washandje Hydrofiel - Animal Friends - 3 Stuks,washandje-hydrofiel-animal-friends-3-stuks,https://jollein.nl/products/washandje-hydrofiel-animal-friends-3-stuks
Washandje Hydrofiel - Basic - 3 Stuks,washandje-hydrofiel-basic-3-stuks,https://jollein.nl/products/washandje-hydrofiel-basic-3-stuks
Washandje Hydrofiel - Bloomy - 3 Stuks,washandje-hydrofiel-bloomy-3-stuks,https://jollein.nl/products/washandje-hydrofiel-bloomy-3-stuks
Washandje Hydrofiel - Elephant Tales - 3 Stuks,washandje-hydrofiel-elephant-tales-3-stuks,https://jollein.nl/products/washandje-hydrofiel-elephant-tales-3-stuks
Washandje Hydrofiel - Flower Fairies - 3 Stuks,washandje-hydrofiel-flower-fairies-3-stuks,https://jollein.nl/products/washandje-hydrofiel-flower-fairies-3-stuks
Washandje Hydrofiel - Jungle Jambo - 3 Stuks,washandje-hydrofiel-jungle-jambo-3-stuks,https://jollein.nl/products/washandje-hydrofiel-jungle-jambo-3-stuks
Washandje Hydrofiel - Leafy Dreams - 3 Stuks,washandje-hydrofiel-leafy-dreams-3-stuks,https://jollein.nl/products/washandje-hydrofiel-leafy-dreams-3-stuks
Washandje Hydrofiel - Lovely Birds - 3 Stuks,washandje-hydrofiel-lovely-birds-3-stuks,https://jollein.nl/products/washandje-hydrofiel-lovely-birds-3-stuks
Washandje Hydrofiel Nostalgic Ride - 3 Stuks,washandje-hydrofiel-nostalgic-ride-3-stuks,https://jollein.nl/products/washandje-hydrofiel-nostalgic-ride-3-stuks
Washandje Hydrofiel - On The Go - 3 Stuks,washandje-hydrofiel-on-the-go-3-stuks,https://jollein.nl/products/washandje-hydrofiel-on-the-go-3-stuks
Washandje Hydrofiel - Retro Flowers- 3 Stuks,washandje-hydrofiel-retro-flowers-3-stuks,https://jollein.nl/products/washandje-hydrofiel-retro-flowers-3-stuks
Washandje Hydrofiel - Riverside - 3 Stuks,washandje-hydrofiel-riverside-3-stuks,https://jollein.nl/products/washandje-hydrofiel-riverside-3-stuks
Washandje Hydrofiel - Roarsome - 3 Stuks,washandje-hydrofiel-roarsome-3-stuks,https://jollein.nl/products/washandje-hydrofiel-roarsome-3-stuks
Washandje Hydrofiel - Rosehip - 3 Stuks,washandje-hydrofiel-rosehip-3-stuks,https://jollein.nl/products/washandje-hydrofiel-rosehip-3-stuks
Washandje Hydrofiel - Teddy Bear - 3 Stuks,washandje-hydrofiel-teddy-bear-3-stuks,https://jollein.nl/products/washandje-hydrofiel-teddy-bear-3-stuks
Washandje Hydrofiel - Tiny Park - 3 Stuks,washandje-hydrofiel-tiny-park-3-stuks,https://jollein.nl/products/washandje-hydrofiel-tiny-park-3-stuks
Washandje Hydrofiel - Twig- 3 Stuks,washandje-hydrofiel-twig-3-stuks,https://jollein.nl/products/washandje-hydrofiel-twig-3-stuks
Washandje Hydrofiel - Twinkling - 3 Stuks,washandje-hydrofiel-twinkling-3-stuks,https://jollein.nl/products/washandje-hydrofiel-twinkling-3-stuks
Washandje Badstof - Ears,washandje-badstof-ears,https://jollein.nl/products/washandje-badstof-ears
Washand Badstof - Jungle Jambo,washand-badstof-jungle-jambo,https://jollein.nl/products/washand-badstof-jungle-jambo
Washand Badstof - Miffy Friends,washand-badstof-miffy-friends,https://jollein.nl/products/washand-badstof-miffy-friends
Washandje Badstof - Pets,washandje-badstof-pets,https://jollein.nl/products/washandje-badstof-pets
Billendoekjes Etui - Hydrofiel,billendoekjes-etui-hydrofiel,https://jollein.nl/products/billendoekjes-etui-hydrofiel
Billendoekjes Box - Siliconen,billendoekjes-box-siliconen,https://jollein.nl/products/billendoekjes-box-siliconen
Houten Spiraal - Jungle Jambo,houten-spiraal-jungle-jambo,https://jollein.nl/products/houten-spiraal-jungle-jambo
Houten Blokkenset - Farm,houten-blokkenset-farm,https://jollein.nl/products/houten-blokkenset-farm
Houten Auto op Wielen - On The Go - 3 Stuks,houten-auto-op-wielen-on-the-go-3-stuks,https://jollein.nl/products/houten-auto-op-wielen-on-the-go-3-stuks
Houten Speelgoedauto - Farm,houten-speelgoedauto-farm,https://jollein.nl/products/houten-speelgoedauto-farm
Houten Krokodil op Wielen - Jungle Jambo,houten-krokodil-op-wielen-jungle-jambo,https://jollein.nl/products/houten-krokodil-op-wielen-jungle-jambo
Houten Paard op Wielen - Nostalgic Ride,houten-paard-op-wielen-nostalgic-ride,https://jollein.nl/products/houten-paard-op-wielen-nostalgic-ride
Houten Puzzel - Farm,houten-puzzel-farm,https://jollein.nl/products/houten-puzzel-farm
Houten Puzzel - Jungle Jambo,houten-puzzel-jungle-jambo,https://jollein.nl/products/houten-puzzel-jungle-jambo
Houten Regenrammelaar - Lovely Birds,houten-regenrammelaar-lovely-birds,https://jollein.nl/products/houten-regenrammelaar-lovely-birds
Houten Regenrammelaar - On The Go,houten-regenrammelaar-on-the-go,https://jollein.nl/products/houten-regenrammelaar-on-the-go
Houten Autobaan - On The Go,houten-autobaan-on-the-go,https://jollein.nl/products/houten-autobaan-on-the-go
Houten Tuimelstapelaar - Jungle Jambo,houten-tuimelstapelaar-jungle-jambo,https://jollein.nl/products/houten-tuimelstapelaar-jungle-jambo
Houten Vormenpuzzel - Jungle Jambo,houten-vormenpuzzel-jungle-jambo,https://jollein.nl/products/houten-vormenpuzzel-jungle-jambo
Houten Sorteerstoof - Jungle Jambo,houten-sorteerstoof-jungle-jambo,https://jollein.nl/products/houten-sorteerstoof-jungle-jambo
Houten Stapeltoren - Jungle Jambo,houten-stapeltoren-jungle-jambo,https://jollein.nl/products/houten-stapeltoren-jungle-jambo
Houten Speelgoedtrein - Jungle Jambo,houten-speelgoedtrein-jungle-jambo,https://jollein.nl/products/houten-speelgoedtrein-jungle-jambo
Houten Draaipuzzel - Jungle Jambo,houten-draaipuzzel-jungle-jambo,https://jollein.nl/products/houten-draaipuzzel-jungle-jambo
Wikkeldeken - Bear Boucle,wikkeldeken-bear-boucle,https://jollein.nl/products/wikkeldeken-bear-boucle
Wikkeldeken - Bunny,wikkeldeken-bunny,https://jollein.nl/products/wikkeldeken-bunny
Wikkeldeken - Bunny - Cloudy Rib,wikkeldeken-bunny-cloudy-rib,https://jollein.nl/products/wikkeldeken-bunny-cloudy-rib
Wikkeldeken - Bunny Check,wikkeldeken-bunny-check,https://jollein.nl/products/wikkeldeken-bunny-check
Wikkeldeken - Miffy & Snuffy,wikkeldeken-miffy-snuffy,https://jollein.nl/products/wikkeldeken-miffy-snuffy
Wikkeldeken - Miffy Jacquard,wikkeldeken-miffy-jacquard,https://jollein.nl/products/wikkeldeken-miffy-jacquard
Wikkeldeken Basic - Stripe,wikkeldeken-basic-stripe,https://jollein.nl/products/wikkeldeken-basic-stripe
Polsrammelaar - Tiny Park,polsrammelaar-tiny-park,https://jollein.nl/products/polsrammelaar-tiny-park
